{
  "numPatients": {
    "precision": 1.0,
    "recall": 0.8,
    "f1-score": 0.888888888888889,
    "support": 5,
    "confused_with": {}
  },
  "bed": {
    "precision": 0.9285714285714286,
    "recall": 0.8666666666666667,
    "f1-score": 0.896551724137931,
    "support": 30,
    "confused_with": {}
  },
  "patient": {
    "precision": 0.9886363636363636,
    "recall": 0.9354838709677419,
    "f1-score": 0.9613259668508287,
    "support": 186,
    "confused_with": {
      "bed": 1
    }
  },
  "micro avg": {
    "precision": 0.9807692307692307,
    "recall": 0.9230769230769231,
    "f1-score": 0.951048951048951,
    "support": 221
  },
  "macro avg": {
    "precision": 0.9724025974025974,
    "recall": 0.8673835125448028,
    "f1-score": 0.9155888599592162,
    "support": 221
  },
  "weighted avg": {
    "precision": 0.9807398483869072,
    "recall": 0.9230769230769231,
    "f1-score": 0.9508942353069527,
    "support": 221
  },
  "accuracy": 0.9862637362637363
}